{
  "hash": "7b98a58c",
  "configHash": "6622ac97",
  "lockfileHash": "da58dd03",
  "browserHash": "af7c9875",
  "optimized": {
    "@angular/core": {
      "src": "../../../../../../node_modules/@angular/core/fesm2022/core.mjs",
      "file": "@angular_core.js",
      "fileHash": "a5c4cb1c",
      "needsInterop": false
    },
    "@angular/platform-browser": {
      "src": "../../../../../../node_modules/@angular/platform-browser/fesm2022/platform-browser.mjs",
      "file": "@angular_platform-browser.js",
      "fileHash": "190886b3",
      "needsInterop": false
    },
    "@angular/router": {
      "src": "../../../../../../node_modules/@angular/router/fesm2022/router.mjs",
      "file": "@angular_router.js",
      "fileHash": "d36c753f",
      "needsInterop": false
    },
    "@angular/common": {
      "src": "../../../../../../node_modules/@angular/common/fesm2022/common.mjs",
      "file": "@angular_common.js",
      "fileHash": "829888e9",
      "needsInterop": false
    }
  },
  "chunks": {
    "chunk-RXRLLWU5": {
      "file": "chunk-RXRLLWU5.js"
    },
    "chunk-GFFOR7TM": {
      "file": "chunk-GFFOR7TM.js"
    },
    "chunk-NDBMKQYB": {
      "file": "chunk-NDBMKQYB.js"
    }
  }
}