{
  "hash": "ce4e8c9e",
  "configHash": "dfb1b672",
  "lockfileHash": "da58dd03",
  "browserHash": "26187cf3",
  "optimized": {
    "@angular/core": {
      "src": "../../../../../../node_modules/@angular/core/fesm2022/core.mjs",
      "file": "@angular_core.js",
      "fileHash": "505dd7be",
      "needsInterop": false
    },
    "@angular/platform-browser": {
      "src": "../../../../../../node_modules/@angular/platform-browser/fesm2022/platform-browser.mjs",
      "file": "@angular_platform-browser.js",
      "fileHash": "e749644d",
      "needsInterop": false
    },
    "@angular/platform-server/init": {
      "src": "../../../../../../node_modules/@angular/platform-server/fesm2022/init.mjs",
      "file": "@angular_platform-server_init.js",
      "fileHash": "f7a4c899",
      "needsInterop": false
    },
    "@angular/router": {
      "src": "../../../../../../node_modules/@angular/router/fesm2022/router.mjs",
      "file": "@angular_router.js",
      "fileHash": "8b0fc042",
      "needsInterop": false
    },
    "@angular/ssr": {
      "src": "../../../../../../node_modules/@angular/ssr/fesm2022/ssr.mjs",
      "file": "@angular_ssr.js",
      "fileHash": "45ff0c9a",
      "needsInterop": false
    },
    "@angular/ssr/node": {
      "src": "../../../../../../node_modules/@angular/ssr/fesm2022/node.mjs",
      "file": "@angular_ssr_node.js",
      "fileHash": "76107b75",
      "needsInterop": false
    },
    "express": {
      "src": "../../../../../../node_modules/express/index.js",
      "file": "express.js",
      "fileHash": "6eaee306",
      "needsInterop": true
    },
    "@angular/common": {
      "src": "../../../../../../node_modules/@angular/common/fesm2022/common.mjs",
      "file": "@angular_common.js",
      "fileHash": "b332e08b",
      "needsInterop": false
    }
  },
  "chunks": {
    "xhr2-E5RTESSH": {
      "file": "xhr2-E5RTESSH.js"
    },
    "chunk-6DK5ZDGE": {
      "file": "chunk-6DK5ZDGE.js"
    },
    "chunk-HWZIPF4T": {
      "file": "chunk-HWZIPF4T.js"
    },
    "chunk-U6ZBRZXM": {
      "file": "chunk-U6ZBRZXM.js"
    },
    "chunk-2FMEEC2D": {
      "file": "chunk-2FMEEC2D.js"
    },
    "chunk-TGGGLMIV": {
      "file": "chunk-TGGGLMIV.js"
    },
    "chunk-6DU2HRTW": {
      "file": "chunk-6DU2HRTW.js"
    }
  }
}